﻿<?xml version="1.0" encoding="utf-8" ?>
<sharpPlugins>
  <add key="AF DNR" value="SDRSharp.DNR.AFNoiseReductionPlugin,SDRSharp.DNR" />
  <add key="IF DNR" value="SDRSharp.DNR.IFNoiseReductionPlugin,SDRSharp.DNR" />
  <add key="Baseband Noise Blanker" value="SDRSharp.NoiseBlanker.BasebandNoiseBlankerPlugin,SDRSharp.NoiseBlanker" />
  <add key="Demodulator Noise Blanker" value="SDRSharp.NoiseBlanker.DemodulatorNoiseBlankerPlugin,SDRSharp.NoiseBlanker" />
  <add key="Wave Recorder" value="SDRSharp.WavRecorder.WavRecorderPlugin,SDRSharp.WavRecorder" />
  <add key="Zoom FFT" value="SDRSharp.ZoomFFT.ZoomFFTPlugin,SDRSharp.ZoomFFT" />
  <add key="Band Plan" value="SDRSharp.BandPlan.BandPlanPlugin,SDRSharp.BandPlan" />
  <add key="Frequency Manager" value="SDRSharp.FrequencyManager.FrequencyManagerPlugin,SDRSharp.FrequencyManager" />
  <add key="Signal Diagnostics" value="SDRSharp.Diagnostics.DiagnosticsPlugin,SDRSharp.Diagnostics" />
  <add key="IFRecorder" value="SDRSharp.IFRecorder.IFRecorderPlugin,SDRSharp.IFRecorder" /> 
</sharpPlugins>
